User,Repo,Branch,Path,Link
"mobsp","mobsp.github.io","gh-pages",".htaccess","https://mobsp.github.io/tol/.htaccess"
"mobsp","mobsp.github.io","gh-pages",".nojekyll","https://mobsp.github.io/tol/.nojekyll"
"mobsp","mobsp.github.io","gh-pages","CNAME","https://mobsp.github.io/tol/CNAME"
"mobsp","mobsp.github.io","gh-pages","HackMD/index.html","https://mobsp.github.io/tol/HackMD/index.html"
"mobsp","mobsp.github.io","gh-pages","HackMD/info/notes.md","https://mobsp.github.io/tol/HackMD/info/notes.md"
"mobsp","mobsp.github.io","gh-pages","README.md","https://mobsp.github.io/tol/README.md"
"mobsp","mobsp.github.io","gh-pages","_layouts/mobi-space-article.html","https://mobsp.github.io/tol/_layouts/mobi-space-article.html"
"mobsp","mobsp.github.io","gh-pages","app.yaml","https://mobsp.github.io/tol/app.yaml"
"mobsp","mobsp.github.io","gh-pages","app/index.html","https://mobsp.github.io/tol/app/index.html"
"mobsp","mobsp.github.io","gh-pages","articles.json","https://mobsp.github.io/tol/articles.json"
"mobsp","mobsp.github.io","gh-pages","assets/brand/README.md","https://mobsp.github.io/tol/assets/brand/README.md"
"mobsp","mobsp.github.io","gh-pages","assets/brand/ScreenRecording_02-11-2026 07-51-30_1.mov","https://mobsp.github.io/tol/assets/brand/ScreenRecording_02-11-2026 07-51-30_1.mov"
"mobsp","mobsp.github.io","gh-pages","assets/icon/viewer/index.html","https://mobsp.github.io/tol/assets/icon/viewer/index.html"
"mobsp","mobsp.github.io","gh-pages","auto-index.py","https://mobsp.github.io/tol/auto-index.py"
"mobsp","mobsp.github.io","gh-pages","beta/01.html","https://mobsp.github.io/tol/beta/01.html"
"mobsp","mobsp.github.io","gh-pages","beta/02.html","https://mobsp.github.io/tol/beta/02.html"
"mobsp","mobsp.github.io","gh-pages","beta/03.html","https://mobsp.github.io/tol/beta/03.html"
"mobsp","mobsp.github.io","gh-pages","beta/04.html","https://mobsp.github.io/tol/beta/04.html"
"mobsp","mobsp.github.io","gh-pages","beta/05.html","https://mobsp.github.io/tol/beta/05.html"
"mobsp","mobsp.github.io","gh-pages","beta/06.html","https://mobsp.github.io/tol/beta/06.html"
"mobsp","mobsp.github.io","gh-pages","beta/07.html","https://mobsp.github.io/tol/beta/07.html"
"mobsp","mobsp.github.io","gh-pages","beta/08.html","https://mobsp.github.io/tol/beta/08.html"
"mobsp","mobsp.github.io","gh-pages","beta/09.html","https://mobsp.github.io/tol/beta/09.html"
"mobsp","mobsp.github.io","gh-pages","beta/10.html","https://mobsp.github.io/tol/beta/10.html"
"mobsp","mobsp.github.io","gh-pages","beta/README.md","https://mobsp.github.io/tol/beta/README.md"
"mobsp","mobsp.github.io","gh-pages","beta/gix-test.html","https://mobsp.github.io/tol/beta/gix-test.html"
"mobsp","mobsp.github.io","gh-pages","beta/index.html","https://mobsp.github.io/tol/beta/index.html"
"mobsp","mobsp.github.io","gh-pages","beta/js-read/README.md","https://mobsp.github.io/tol/beta/js-read/README.md"
"mobsp","mobsp.github.io","gh-pages","beta/js-read/index.html","https://mobsp.github.io/tol/beta/js-read/index.html"
"mobsp","mobsp.github.io","gh-pages","beta/js-read/rendengine.js","https://mobsp.github.io/tol/beta/js-read/rendengine.js"
"mobsp","mobsp.github.io","gh-pages","beta/mod/README.md","https://mobsp.github.io/tol/beta/mod/README.md"
"mobsp","mobsp.github.io","gh-pages","beta/mod/bottom-nav.js","https://mobsp.github.io/tol/beta/mod/bottom-nav.js"
"mobsp","mobsp.github.io","gh-pages","beta/mod/brand-layout.js","https://mobsp.github.io/tol/beta/mod/brand-layout.js"
"mobsp","mobsp.github.io","gh-pages","beta/mod/footer-sys.js","https://mobsp.github.io/tol/beta/mod/footer-sys.js"
"mobsp","mobsp.github.io","gh-pages","beta/mod/grid-slider.js","https://mobsp.github.io/tol/beta/mod/grid-slider.js"
"mobsp","mobsp.github.io","gh-pages","beta/mod/ios-type.js","https://mobsp.github.io/tol/beta/mod/ios-type.js"
"mobsp","mobsp.github.io","gh-pages","beta/mod/notice-sync.js","https://mobsp.github.io/tol/beta/mod/notice-sync.js"
"mobsp","mobsp.github.io","gh-pages","beta/mod/splash-screen.js","https://mobsp.github.io/tol/beta/mod/splash-screen.js"
"mobsp","mobsp.github.io","gh-pages","beta/mod/theme-engine.js","https://mobsp.github.io/tol/beta/mod/theme-engine.js"
"mobsp","mobsp.github.io","gh-pages","beta/test.html","https://mobsp.github.io/tol/beta/test.html"
"mobsp","mobsp.github.io","gh-pages","beta/test1.html","https://mobsp.github.io/tol/beta/test1.html"
"mobsp","mobsp.github.io","gh-pages","beta/test10.html","https://mobsp.github.io/tol/beta/test10.html"
"mobsp","mobsp.github.io","gh-pages","beta/test2.html","https://mobsp.github.io/tol/beta/test2.html"
"mobsp","mobsp.github.io","gh-pages","beta/test3.html","https://mobsp.github.io/tol/beta/test3.html"
"mobsp","mobsp.github.io","gh-pages","beta/test4.html","https://mobsp.github.io/tol/beta/test4.html"
"mobsp","mobsp.github.io","gh-pages","beta/test5.html","https://mobsp.github.io/tol/beta/test5.html"
"mobsp","mobsp.github.io","gh-pages","beta/test6.html","https://mobsp.github.io/tol/beta/test6.html"
"mobsp","mobsp.github.io","gh-pages","beta/test7.html","https://mobsp.github.io/tol/beta/test7.html"
"mobsp","mobsp.github.io","gh-pages","beta/test8.html","https://mobsp.github.io/tol/beta/test8.html"
"mobsp","mobsp.github.io","gh-pages","beta/test9.html","https://mobsp.github.io/tol/beta/test9.html"
"mobsp","mobsp.github.io","gh-pages","blog/README.md","https://mobsp.github.io/tol/blog/README.md"
"mobsp","mobsp.github.io","gh-pages","blog/index.html","https://mobsp.github.io/tol/blog/index.html"
"mobsp","mobsp.github.io","gh-pages","blog/p/list/content_placeholder.md","https://mobsp.github.io/tol/blog/p/list/content_placeholder.md"
"mobsp","mobsp.github.io","gh-pages","blog/p/list/github-pages-註冊.html","https://mobsp.github.io/tol/blog/p/list/github-pages-註冊.html"
"mobsp","mobsp.github.io","gh-pages","blog/p/list/theme.html","https://mobsp.github.io/tol/blog/p/list/theme.html"
"mobsp","mobsp.github.io","gh-pages","blog/p/list/公公操兒媳.html","https://mobsp.github.io/tol/blog/p/list/公公操兒媳.html"
"mobsp","mobsp.github.io","gh-pages","blog/p/list/公公與媳婦.html","https://mobsp.github.io/tol/blog/p/list/公公與媳婦.html"
"mobsp","mobsp.github.io","gh-pages","blog/p/list/大嫂與二哥.html","https://mobsp.github.io/tol/blog/p/list/大嫂與二哥.html"
"mobsp","mobsp.github.io","gh-pages","blog/p/list/小姨子的肛門.html","https://mobsp.github.io/tol/blog/p/list/小姨子的肛門.html"
"mobsp","mobsp.github.io","gh-pages","blog/p/list/強姦媽媽直到懷孕為止.html","https://mobsp.github.io/tol/blog/p/list/強姦媽媽直到懷孕為止.html"
"mobsp","mobsp.github.io","gh-pages","blog/p/list/操姐姐的菊穴.html","https://mobsp.github.io/tol/blog/p/list/操姐姐的菊穴.html"
"mobsp","mobsp.github.io","gh-pages","blog/p/list/母姦致孕計劃.html","https://mobsp.github.io/tol/blog/p/list/母姦致孕計劃.html"
"mobsp","mobsp.github.io","gh-pages","blog/p/list/與大姐的背德關係.html","https://mobsp.github.io/tol/blog/p/list/與大姐的背德關係.html"
"mobsp","mobsp.github.io","gh-pages","blog/p/list/阿姨的菊穴.html","https://mobsp.github.io/tol/blog/p/list/阿姨的菊穴.html"
"mobsp","mobsp.github.io","gh-pages","blog/p/list/風月文學網  10.html","https://mobsp.github.io/tol/blog/p/list/風月文學網  10.html"
"mobsp","mobsp.github.io","gh-pages","blog/p/list/風月文學網  11.html","https://mobsp.github.io/tol/blog/p/list/風月文學網  11.html"
"mobsp","mobsp.github.io","gh-pages","blog/p/list/風月文學網  12.html","https://mobsp.github.io/tol/blog/p/list/風月文學網  12.html"
"mobsp","mobsp.github.io","gh-pages","blog/p/list/風月文學網  13.html","https://mobsp.github.io/tol/blog/p/list/風月文學網  13.html"
"mobsp","mobsp.github.io","gh-pages","blog/p/list/風月文學網  14.html","https://mobsp.github.io/tol/blog/p/list/風月文學網  14.html"
"mobsp","mobsp.github.io","gh-pages","blog/p/list/風月文學網  15.html","https://mobsp.github.io/tol/blog/p/list/風月文學網  15.html"
"mobsp","mobsp.github.io","gh-pages","blog/p/list/風月文學網  16.html","https://mobsp.github.io/tol/blog/p/list/風月文學網  16.html"
"mobsp","mobsp.github.io","gh-pages","blog/p/list/風月文學網  17.html","https://mobsp.github.io/tol/blog/p/list/風月文學網  17.html"
"mobsp","mobsp.github.io","gh-pages","blog/p/list/風月文學網  18.html","https://mobsp.github.io/tol/blog/p/list/風月文學網  18.html"
"mobsp","mobsp.github.io","gh-pages","blog/p/list/風月文學網  19.html","https://mobsp.github.io/tol/blog/p/list/風月文學網  19.html"
"mobsp","mobsp.github.io","gh-pages","blog/p/list/風月文學網  2.html","https://mobsp.github.io/tol/blog/p/list/風月文學網  2.html"
"mobsp","mobsp.github.io","gh-pages","blog/p/list/風月文學網  20.html","https://mobsp.github.io/tol/blog/p/list/風月文學網  20.html"
"mobsp","mobsp.github.io","gh-pages","blog/p/list/風月文學網  21.html","https://mobsp.github.io/tol/blog/p/list/風月文學網  21.html"
"mobsp","mobsp.github.io","gh-pages","blog/p/list/風月文學網  22.html","https://mobsp.github.io/tol/blog/p/list/風月文學網  22.html"
"mobsp","mobsp.github.io","gh-pages","blog/p/list/風月文學網  23.html","https://mobsp.github.io/tol/blog/p/list/風月文學網  23.html"
"mobsp","mobsp.github.io","gh-pages","blog/p/list/風月文學網  24.html","https://mobsp.github.io/tol/blog/p/list/風月文學網  24.html"
"mobsp","mobsp.github.io","gh-pages","blog/p/list/風月文學網  25.html","https://mobsp.github.io/tol/blog/p/list/風月文學網  25.html"
"mobsp","mobsp.github.io","gh-pages","blog/p/list/風月文學網  3.html","https://mobsp.github.io/tol/blog/p/list/風月文學網  3.html"
"mobsp","mobsp.github.io","gh-pages","blog/p/list/風月文學網  4.html","https://mobsp.github.io/tol/blog/p/list/風月文學網  4.html"
"mobsp","mobsp.github.io","gh-pages","blog/p/list/風月文學網  6.html","https://mobsp.github.io/tol/blog/p/list/風月文學網  6.html"
"mobsp","mobsp.github.io","gh-pages","blog/p/list/風月文學網  7.html","https://mobsp.github.io/tol/blog/p/list/風月文學網  7.html"
"mobsp","mobsp.github.io","gh-pages","blog/p/list/風月文學網  8.html","https://mobsp.github.io/tol/blog/p/list/風月文學網  8.html"
"mobsp","mobsp.github.io","gh-pages","blog/p/list/風月文學網  9.html","https://mobsp.github.io/tol/blog/p/list/風月文學網  9.html"
"mobsp","mobsp.github.io","gh-pages","blog/p/list/風月文學網 .html","https://mobsp.github.io/tol/blog/p/list/風月文學網 .html"
"mobsp","mobsp.github.io","gh-pages","blog/p/list/風月文學網3 2.html","https://mobsp.github.io/tol/blog/p/list/風月文學網3 2.html"
"mobsp","mobsp.github.io","gh-pages","blog/p/list/風月文學網3 3.html","https://mobsp.github.io/tol/blog/p/list/風月文學網3 3.html"
"mobsp","mobsp.github.io","gh-pages","blog/p/list/風月文學網3.html","https://mobsp.github.io/tol/blog/p/list/風月文學網3.html"
"mobsp","mobsp.github.io","gh-pages","browser/README.md","https://mobsp.github.io/tol/browser/README.md"
"mobsp","mobsp.github.io","gh-pages","browser/sf/data/core/api-client.js","https://mobsp.github.io/tol/browser/sf/data/core/api-client.js"
"mobsp","mobsp.github.io","gh-pages","browser/sf/data/core/app.js","https://mobsp.github.io/tol/browser/sf/data/core/app.js"
"mobsp","mobsp.github.io","gh-pages","browser/sf/data/core/history.js","https://mobsp.github.io/tol/browser/sf/data/core/history.js"
"mobsp","mobsp.github.io","gh-pages","browser/sf/data/core/security.js","https://mobsp.github.io/tol/browser/sf/data/core/security.js"
"mobsp","mobsp.github.io","gh-pages","browser/sf/data/core/settings.js","https://mobsp.github.io/tol/browser/sf/data/core/settings.js"
"mobsp","mobsp.github.io","gh-pages","browser/sf/data/core/sync.js","https://mobsp.github.io/tol/browser/sf/data/core/sync.js"
"mobsp","mobsp.github.io","gh-pages","browser/sf/data/core/utils.js","https://mobsp.github.io/tol/browser/sf/data/core/utils.js"
"mobsp","mobsp.github.io","gh-pages","browser/sf/data/items/bookmarks.json","https://mobsp.github.io/tol/browser/sf/data/items/bookmarks.json"
"mobsp","mobsp.github.io","gh-pages","browser/sf/data/items/sample-data.json","https://mobsp.github.io/tol/browser/sf/data/items/sample-data.json"
"mobsp","mobsp.github.io","gh-pages","browser/sf/data/main/config.json","https://mobsp.github.io/tol/browser/sf/data/main/config.json"
"mobsp","mobsp.github.io","gh-pages","browser/sf/data/main/init.js","https://mobsp.github.io/tol/browser/sf/data/main/init.js"
"mobsp","mobsp.github.io","gh-pages","browser/sf/data/sre/path-map.json","https://mobsp.github.io/tol/browser/sf/data/sre/path-map.json"
"mobsp","mobsp.github.io","gh-pages","browser/sf/data/theme/style.css","https://mobsp.github.io/tol/browser/sf/data/theme/style.css"
"mobsp","mobsp.github.io","gh-pages","browser/sf/data/theme/theme-engine.js","https://mobsp.github.io/tol/browser/sf/data/theme/theme-engine.js"
"mobsp","mobsp.github.io","gh-pages","browser/sf/data/theme/variables.css","https://mobsp.github.io/tol/browser/sf/data/theme/variables.css"
"mobsp","mobsp.github.io","gh-pages","browser/sf/data/ui-kit/bookmarks.js","https://mobsp.github.io/tol/browser/sf/data/ui-kit/bookmarks.js"
"mobsp","mobsp.github.io","gh-pages","browser/sf/data/ui-kit/devtools-ui.js","https://mobsp.github.io/tol/browser/sf/data/ui-kit/devtools-ui.js"
"mobsp","mobsp.github.io","gh-pages","browser/sf/data/ui-kit/downloads.js","https://mobsp.github.io/tol/browser/sf/data/ui-kit/downloads.js"
"mobsp","mobsp.github.io","gh-pages","browser/sf/data/ui-kit/footer-sys.js","https://mobsp.github.io/tol/browser/sf/data/ui-kit/footer-sys.js"
"mobsp","mobsp.github.io","gh-pages","browser/sf/data/ui-kit/header.js","https://mobsp.github.io/tol/browser/sf/data/ui-kit/header.js"
"mobsp","mobsp.github.io","gh-pages","browser/sf/data/ui-kit/plugins.js","https://mobsp.github.io/tol/browser/sf/data/ui-kit/plugins.js"
"mobsp","mobsp.github.io","gh-pages","browser/sf/data/ui-kit/tabs.js","https://mobsp.github.io/tol/browser/sf/data/ui-kit/tabs.js"
"mobsp","mobsp.github.io","gh-pages","browser/sf/data/ui-kit/ui.css","https://mobsp.github.io/tol/browser/sf/data/ui-kit/ui.css"
"mobsp","mobsp.github.io","gh-pages","browser/sf/index.html","https://mobsp.github.io/tol/browser/sf/index.html"
"mobsp","mobsp.github.io","gh-pages","data/config.json","https://mobsp.github.io/tol/data/config.json"
"mobsp","mobsp.github.io","gh-pages","data/editor_config.json","https://mobsp.github.io/tol/data/editor_config.json"
"mobsp","mobsp.github.io","gh-pages","data/notice.md","https://mobsp.github.io/tol/data/notice.md"
"mobsp","mobsp.github.io","gh-pages","data/style.css","https://mobsp.github.io/tol/data/style.css"
"mobsp","mobsp.github.io","gh-pages","data/svg.json","https://mobsp.github.io/tol/data/svg.json"
"mobsp","mobsp.github.io","gh-pages","data/wiki-info.json","https://mobsp.github.io/tol/data/wiki-info.json"
"mobsp","mobsp.github.io","gh-pages","file-list/README.md","https://mobsp.github.io/tol/file-list/README.md"
"mobsp","mobsp.github.io","gh-pages","file-list/all-links.html","https://mobsp.github.io/tol/file-list/all-links.html"
"mobsp","mobsp.github.io","gh-pages","file-list/assets/css/base.css","https://mobsp.github.io/tol/file-list/assets/css/base.css"
"mobsp","mobsp.github.io","gh-pages","file-list/assets/css/theme-mobsp-blog.css","https://mobsp.github.io/tol/file-list/assets/css/theme-mobsp-blog.css"
"mobsp","mobsp.github.io","gh-pages","file-list/assets/js/all-links.js","https://mobsp.github.io/tol/file-list/assets/js/all-links.js"
"mobsp","mobsp.github.io","gh-pages","file-list/assets/js/app.js","https://mobsp.github.io/tol/file-list/assets/js/app.js"
"mobsp","mobsp.github.io","gh-pages","file-list/assets/js/detail.js","https://mobsp.github.io/tol/file-list/assets/js/detail.js"
"mobsp","mobsp.github.io","gh-pages","file-list/assets/js/index.js","https://mobsp.github.io/tol/file-list/assets/js/index.js"
"mobsp","mobsp.github.io","gh-pages","file-list/assets/js/saved.js","https://mobsp.github.io/tol/file-list/assets/js/saved.js"
"mobsp","mobsp.github.io","gh-pages","file-list/assets/js/settings.js","https://mobsp.github.io/tol/file-list/assets/js/settings.js"
"mobsp","mobsp.github.io","gh-pages","file-list/data/files.json","https://mobsp.github.io/tol/file-list/data/files.json"
"mobsp","mobsp.github.io","gh-pages","file-list/detail.html","https://mobsp.github.io/tol/file-list/detail.html"
"mobsp","mobsp.github.io","gh-pages","file-list/index.html","https://mobsp.github.io/tol/file-list/index.html"
"mobsp","mobsp.github.io","gh-pages","file-list/manifest.json","https://mobsp.github.io/tol/file-list/manifest.json"
"mobsp","mobsp.github.io","gh-pages","file-list/offline.html","https://mobsp.github.io/tol/file-list/offline.html"
"mobsp","mobsp.github.io","gh-pages","file-list/saved.html","https://mobsp.github.io/tol/file-list/saved.html"
"mobsp","mobsp.github.io","gh-pages","file-list/scripts/generate_files_json.py","https://mobsp.github.io/tol/file-list/scripts/generate_files_json.py"
"mobsp","mobsp.github.io","gh-pages","file-list/scripts/sync_from_repo.py","https://mobsp.github.io/tol/file-list/scripts/sync_from_repo.py"
"mobsp","mobsp.github.io","gh-pages","file-list/settings.html","https://mobsp.github.io/tol/file-list/settings.html"
"mobsp","mobsp.github.io","gh-pages","file-list/sw.js","https://mobsp.github.io/tol/file-list/sw.js"
"mobsp","mobsp.github.io","gh-pages","generate-index.js","https://mobsp.github.io/tol/generate-index.js"
"mobsp","mobsp.github.io","gh-pages","history.html","https://mobsp.github.io/tol/history.html"
"mobsp","mobsp.github.io","gh-pages","index.html","https://mobsp.github.io/tol/index.html"
"mobsp","mobsp.github.io","gh-pages","manifest.json","https://mobsp.github.io/tol/manifest.json"
"mobsp","mobsp.github.io","gh-pages","music/README.md","https://mobsp.github.io/tol/music/README.md"
"mobsp","mobsp.github.io","gh-pages","music/css/README.md","https://mobsp.github.io/tol/music/css/README.md"
"mobsp","mobsp.github.io","gh-pages","music/css/global.css","https://mobsp.github.io/tol/music/css/global.css"
"mobsp","mobsp.github.io","gh-pages","music/data/README.md","https://mobsp.github.io/tol/music/data/README.md"
"mobsp","mobsp.github.io","gh-pages","music/data/music.json","https://mobsp.github.io/tol/music/data/music.json"
"mobsp","mobsp.github.io","gh-pages","music/index.html","https://mobsp.github.io/tol/music/index.html"
"mobsp","mobsp.github.io","gh-pages","music/js/README.md","https://mobsp.github.io/tol/music/js/README.md"
"mobsp","mobsp.github.io","gh-pages","music/js/app.js","https://mobsp.github.io/tol/music/js/app.js"
"mobsp","mobsp.github.io","gh-pages","music/js/player.js","https://mobsp.github.io/tol/music/js/player.js"
"mobsp","mobsp.github.io","gh-pages","music/js/state.js","https://mobsp.github.io/tol/music/js/state.js"
"mobsp","mobsp.github.io","gh-pages","music/js/ui.js","https://mobsp.github.io/tol/music/js/ui.js"
"mobsp","mobsp.github.io","gh-pages","music/sw.js","https://mobsp.github.io/tol/music/sw.js"
"mobsp","mobsp.github.io","gh-pages","offline.html","https://mobsp.github.io/tol/offline.html"
"mobsp","mobsp.github.io","gh-pages","package-lock.json","https://mobsp.github.io/tol/package-lock.json"
"mobsp","mobsp.github.io","gh-pages","package.json","https://mobsp.github.io/tol/package.json"
"mobsp","mobsp.github.io","gh-pages","robots.txt","https://mobsp.github.io/tol/robots.txt"
"mobsp","mobsp.github.io","gh-pages","scripts/auto_classify.py","https://mobsp.github.io/tol/scripts/auto_classify.py"
"mobsp","mobsp.github.io","gh-pages","scripts/master-optimizer-final.js","https://mobsp.github.io/tol/scripts/master-optimizer-final.js"
"mobsp","mobsp.github.io","gh-pages","scripts/parse_csv.py","https://mobsp.github.io/tol/scripts/parse_csv.py"
"mobsp","mobsp.github.io","gh-pages","setting/index.html","https://mobsp.github.io/tol/setting/index.html"
"mobsp","mobsp.github.io","gh-pages","shorts/index.html","https://mobsp.github.io/tol/shorts/index.html"
"mobsp","mobsp.github.io","gh-pages","sitemap.xml","https://mobsp.github.io/tol/sitemap.xml"
"mobsp","mobsp.github.io","gh-pages","svg-editor/index.html","https://mobsp.github.io/tol/svg-editor/index.html"
"mobsp","mobsp.github.io","gh-pages","sw.js","https://mobsp.github.io/tol/sw.js"
"mobsp","mobsp.github.io","gh-pages","sync_scanner.py","https://mobsp.github.io/tol/sync_scanner.py"
"mobsp","mobsp.github.io","gh-pages","tol/Editor/index.html","https://mobsp.github.io/tol/tol/Editor/index.html"
"mobsp","mobsp.github.io","gh-pages","tol/MobspOS/index.html","https://mobsp.github.io/tol/tol/MobspOS/index.html"
"mobsp","mobsp.github.io","gh-pages","tol/README.md","https://mobsp.github.io/tol/tol/README.md"
"mobsp","mobsp.github.io","gh-pages","tol/convert/index.html","https://mobsp.github.io/tol/tol/convert/index.html"
"mobsp","mobsp.github.io","gh-pages","tol/data.json","https://mobsp.github.io/tol/tol/data.json"
"mobsp","mobsp.github.io","gh-pages","tol/editot/index.html","https://mobsp.github.io/tol/tol/editot/index.html"
"mobsp","mobsp.github.io","gh-pages","tol/gh-idx/index.html","https://mobsp.github.io/tol/tol/gh-idx/index.html"
"mobsp","mobsp.github.io","gh-pages","tol/ghexort/index.html","https://mobsp.github.io/tol/tol/ghexort/index.html"
"mobsp","mobsp.github.io","gh-pages","tol/ghexort/script.js","https://mobsp.github.io/tol/tol/ghexort/script.js"
"mobsp","mobsp.github.io","gh-pages","tol/ghexort/style.css","https://mobsp.github.io/tol/tol/ghexort/style.css"
"mobsp","mobsp.github.io","gh-pages","tol/index.html","https://mobsp.github.io/tol/tol/index.html"
"mobsp","mobsp.github.io","gh-pages","tol/k-zero/index.html","https://mobsp.github.io/tol/tol/k-zero/index.html"
"mobsp","mobsp.github.io","gh-pages","tol/keep/index.html","https://mobsp.github.io/tol/tol/keep/index.html"
"mobsp","mobsp.github.io","gh-pages","tol/lab/index.html","https://mobsp.github.io/tol/tol/lab/index.html"
"mobsp","mobsp.github.io","gh-pages","tol/publisher/index.html","https://mobsp.github.io/tol/tol/publisher/index.html"
"mobsp","mobsp.github.io","gh-pages","tol/rss-generator.html","https://mobsp.github.io/tol/tol/rss-generator.html"
"mobsp","mobsp.github.io","gh-pages","tol/tourl/index.html","https://mobsp.github.io/tol/tol/tourl/index.html"
"mobsp","mobsp.github.io","gh-pages","tol/ve/index.html","https://mobsp.github.io/tol/tol/ve/index.html"
"mobsp","mobsp.github.io","gh-pages","tol/x-harv/index.html","https://mobsp.github.io/tol/tol/x-harv/index.html"
"mobsp","mobsp.github.io","gh-pages","update_icons.js","https://mobsp.github.io/tol/update_icons.js"
"mobsp","mobsp.github.io","gh-pages","wiki/index.html","https://mobsp.github.io/tol/wiki/index.html"
"mobsp","mobsp.github.io","main",".github/workflows/anywhere-door.yml","https://mobsp.github.io/tol/.github/workflows/anywhere-door.yml"
"mobsp","mobsp.github.io","main",".github/workflows/auto-sync.yml","https://mobsp.github.io/tol/.github/workflows/auto-sync.yml"
"mobsp","mobsp.github.io","main",".github/workflows/auto-update-json.yml","https://mobsp.github.io/tol/.github/workflows/auto-update-json.yml"
"mobsp","mobsp.github.io","main",".github/workflows/beta-deploy.yml","https://mobsp.github.io/tol/.github/workflows/beta-deploy.yml"
"mobsp","mobsp.github.io","main",".github/workflows/emergency-rollback.yml","https://mobsp.github.io/tol/.github/workflows/emergency-rollback.yml"
"mobsp","mobsp.github.io","main",".github/workflows/full-codebase-collective -report.yml","https://mobsp.github.io/tol/.github/workflows/full-codebase-collective -report.yml"
"mobsp","mobsp.github.io","main",".github/workflows/generate-list.yml","https://mobsp.github.io/tol/.github/workflows/generate-list.yml"
"mobsp","mobsp.github.io","main",".github/workflows/scan-pages.yml","https://mobsp.github.io/tol/.github/workflows/scan-pages.yml"
"mobsp","mobsp.github.io","main",".github/workflows/unzip.yml","https://mobsp.github.io/tol/.github/workflows/unzip.yml"
"mobsp","mobsp.github.io","main",".github/workflows/update-links.yml","https://mobsp.github.io/tol/.github/workflows/update-links.yml"
"mobsp","mobsp.github.io","main",".github/workflows/update_readme.yml","https://mobsp.github.io/tol/.github/workflows/update_readme.yml"
"mobsp","mobsp.github.io","main",".github/workflows/webp-magic.yml","https://mobsp.github.io/tol/.github/workflows/webp-magic.yml"
"mobsp","mobsp.github.io","main",".htaccess","https://mobsp.github.io/tol/.htaccess"
"mobsp","mobsp.github.io","main","CNAME","https://mobsp.github.io/tol/CNAME"
"mobsp","mobsp.github.io","main","HackMD/index.html","https://mobsp.github.io/tol/HackMD/index.html"
"mobsp","mobsp.github.io","main","HackMD/info/notes.md","https://mobsp.github.io/tol/HackMD/info/notes.md"
"mobsp","mobsp.github.io","main","README.md","https://mobsp.github.io/tol/README.md"
"mobsp","mobsp.github.io","main","_layouts/mobi-space-article.html","https://mobsp.github.io/tol/_layouts/mobi-space-article.html"
"mobsp","mobsp.github.io","main","app.yaml","https://mobsp.github.io/tol/app.yaml"
"mobsp","mobsp.github.io","main","app/index.html","https://mobsp.github.io/tol/app/index.html"
"mobsp","mobsp.github.io","main","articles.json","https://mobsp.github.io/tol/articles.json"
"mobsp","mobsp.github.io","main","assets/brand/README.md","https://mobsp.github.io/tol/assets/brand/README.md"
"mobsp","mobsp.github.io","main","assets/brand/ScreenRecording_02-11-2026 07-51-30_1.mov","https://mobsp.github.io/tol/assets/brand/ScreenRecording_02-11-2026 07-51-30_1.mov"
"mobsp","mobsp.github.io","main","assets/icon/viewer/index.html","https://mobsp.github.io/tol/assets/icon/viewer/index.html"
"mobsp","mobsp.github.io","main","auto-index.py","https://mobsp.github.io/tol/auto-index.py"
"mobsp","mobsp.github.io","main","beta/01.html","https://mobsp.github.io/tol/beta/01.html"
"mobsp","mobsp.github.io","main","beta/02.html","https://mobsp.github.io/tol/beta/02.html"
"mobsp","mobsp.github.io","main","beta/03.html","https://mobsp.github.io/tol/beta/03.html"
"mobsp","mobsp.github.io","main","beta/04.html","https://mobsp.github.io/tol/beta/04.html"
"mobsp","mobsp.github.io","main","beta/05.html","https://mobsp.github.io/tol/beta/05.html"
"mobsp","mobsp.github.io","main","beta/06.html","https://mobsp.github.io/tol/beta/06.html"
"mobsp","mobsp.github.io","main","beta/07.html","https://mobsp.github.io/tol/beta/07.html"
"mobsp","mobsp.github.io","main","beta/08.html","https://mobsp.github.io/tol/beta/08.html"
"mobsp","mobsp.github.io","main","beta/09.html","https://mobsp.github.io/tol/beta/09.html"
"mobsp","mobsp.github.io","main","beta/10.html","https://mobsp.github.io/tol/beta/10.html"
"mobsp","mobsp.github.io","main","beta/README.md","https://mobsp.github.io/tol/beta/README.md"
"mobsp","mobsp.github.io","main","beta/gix-test.html","https://mobsp.github.io/tol/beta/gix-test.html"
"mobsp","mobsp.github.io","main","beta/index.html","https://mobsp.github.io/tol/beta/index.html"
"mobsp","mobsp.github.io","main","beta/js-read/README.md","https://mobsp.github.io/tol/beta/js-read/README.md"
"mobsp","mobsp.github.io","main","beta/js-read/index.html","https://mobsp.github.io/tol/beta/js-read/index.html"
"mobsp","mobsp.github.io","main","beta/js-read/rendengine.js","https://mobsp.github.io/tol/beta/js-read/rendengine.js"
"mobsp","mobsp.github.io","main","beta/mod/README.md","https://mobsp.github.io/tol/beta/mod/README.md"
"mobsp","mobsp.github.io","main","beta/mod/bottom-nav.js","https://mobsp.github.io/tol/beta/mod/bottom-nav.js"
"mobsp","mobsp.github.io","main","beta/mod/brand-layout.js","https://mobsp.github.io/tol/beta/mod/brand-layout.js"
"mobsp","mobsp.github.io","main","beta/mod/footer-sys.js","https://mobsp.github.io/tol/beta/mod/footer-sys.js"
"mobsp","mobsp.github.io","main","beta/mod/grid-slider.js","https://mobsp.github.io/tol/beta/mod/grid-slider.js"
"mobsp","mobsp.github.io","main","beta/mod/ios-type.js","https://mobsp.github.io/tol/beta/mod/ios-type.js"
"mobsp","mobsp.github.io","main","beta/mod/notice-sync.js","https://mobsp.github.io/tol/beta/mod/notice-sync.js"
"mobsp","mobsp.github.io","main","beta/mod/splash-screen.js","https://mobsp.github.io/tol/beta/mod/splash-screen.js"
"mobsp","mobsp.github.io","main","beta/mod/theme-engine.js","https://mobsp.github.io/tol/beta/mod/theme-engine.js"
"mobsp","mobsp.github.io","main","beta/test.html","https://mobsp.github.io/tol/beta/test.html"
"mobsp","mobsp.github.io","main","beta/test1.html","https://mobsp.github.io/tol/beta/test1.html"
"mobsp","mobsp.github.io","main","beta/test10.html","https://mobsp.github.io/tol/beta/test10.html"
"mobsp","mobsp.github.io","main","beta/test2.html","https://mobsp.github.io/tol/beta/test2.html"
"mobsp","mobsp.github.io","main","beta/test3.html","https://mobsp.github.io/tol/beta/test3.html"
"mobsp","mobsp.github.io","main","beta/test4.html","https://mobsp.github.io/tol/beta/test4.html"
"mobsp","mobsp.github.io","main","beta/test5.html","https://mobsp.github.io/tol/beta/test5.html"
"mobsp","mobsp.github.io","main","beta/test6.html","https://mobsp.github.io/tol/beta/test6.html"
"mobsp","mobsp.github.io","main","beta/test7.html","https://mobsp.github.io/tol/beta/test7.html"
"mobsp","mobsp.github.io","main","beta/test8.html","https://mobsp.github.io/tol/beta/test8.html"
"mobsp","mobsp.github.io","main","beta/test9.html","https://mobsp.github.io/tol/beta/test9.html"
"mobsp","mobsp.github.io","main","blog/README.md","https://mobsp.github.io/tol/blog/README.md"
"mobsp","mobsp.github.io","main","blog/index.html","https://mobsp.github.io/tol/blog/index.html"
"mobsp","mobsp.github.io","main","blog/p/list/content_placeholder.md","https://mobsp.github.io/tol/blog/p/list/content_placeholder.md"
"mobsp","mobsp.github.io","main","blog/p/list/github-pages-註冊.html","https://mobsp.github.io/tol/blog/p/list/github-pages-註冊.html"
"mobsp","mobsp.github.io","main","blog/p/list/theme.html","https://mobsp.github.io/tol/blog/p/list/theme.html"
"mobsp","mobsp.github.io","main","blog/p/list/公公操兒媳.html","https://mobsp.github.io/tol/blog/p/list/公公操兒媳.html"
"mobsp","mobsp.github.io","main","blog/p/list/公公與媳婦.html","https://mobsp.github.io/tol/blog/p/list/公公與媳婦.html"
"mobsp","mobsp.github.io","main","blog/p/list/大嫂與二哥.html","https://mobsp.github.io/tol/blog/p/list/大嫂與二哥.html"
"mobsp","mobsp.github.io","main","blog/p/list/小姨子的肛門.html","https://mobsp.github.io/tol/blog/p/list/小姨子的肛門.html"
"mobsp","mobsp.github.io","main","blog/p/list/強姦媽媽直到懷孕為止.html","https://mobsp.github.io/tol/blog/p/list/強姦媽媽直到懷孕為止.html"
"mobsp","mobsp.github.io","main","blog/p/list/操姐姐的菊穴.html","https://mobsp.github.io/tol/blog/p/list/操姐姐的菊穴.html"
"mobsp","mobsp.github.io","main","blog/p/list/母姦致孕計劃.html","https://mobsp.github.io/tol/blog/p/list/母姦致孕計劃.html"
"mobsp","mobsp.github.io","main","blog/p/list/與大姐的背德關係.html","https://mobsp.github.io/tol/blog/p/list/與大姐的背德關係.html"
"mobsp","mobsp.github.io","main","blog/p/list/阿姨的菊穴.html","https://mobsp.github.io/tol/blog/p/list/阿姨的菊穴.html"
"mobsp","mobsp.github.io","main","blog/p/list/風月文學網  10.html","https://mobsp.github.io/tol/blog/p/list/風月文學網  10.html"
"mobsp","mobsp.github.io","main","blog/p/list/風月文學網  11.html","https://mobsp.github.io/tol/blog/p/list/風月文學網  11.html"
"mobsp","mobsp.github.io","main","blog/p/list/風月文學網  12.html","https://mobsp.github.io/tol/blog/p/list/風月文學網  12.html"
"mobsp","mobsp.github.io","main","blog/p/list/風月文學網  13.html","https://mobsp.github.io/tol/blog/p/list/風月文學網  13.html"
"mobsp","mobsp.github.io","main","blog/p/list/風月文學網  14.html","https://mobsp.github.io/tol/blog/p/list/風月文學網  14.html"
"mobsp","mobsp.github.io","main","blog/p/list/風月文學網  15.html","https://mobsp.github.io/tol/blog/p/list/風月文學網  15.html"
"mobsp","mobsp.github.io","main","blog/p/list/風月文學網  16.html","https://mobsp.github.io/tol/blog/p/list/風月文學網  16.html"
"mobsp","mobsp.github.io","main","blog/p/list/風月文學網  17.html","https://mobsp.github.io/tol/blog/p/list/風月文學網  17.html"
"mobsp","mobsp.github.io","main","blog/p/list/風月文學網  18.html","https://mobsp.github.io/tol/blog/p/list/風月文學網  18.html"
"mobsp","mobsp.github.io","main","blog/p/list/風月文學網  19.html","https://mobsp.github.io/tol/blog/p/list/風月文學網  19.html"
"mobsp","mobsp.github.io","main","blog/p/list/風月文學網  2.html","https://mobsp.github.io/tol/blog/p/list/風月文學網  2.html"
"mobsp","mobsp.github.io","main","blog/p/list/風月文學網  20.html","https://mobsp.github.io/tol/blog/p/list/風月文學網  20.html"
"mobsp","mobsp.github.io","main","blog/p/list/風月文學網  21.html","https://mobsp.github.io/tol/blog/p/list/風月文學網  21.html"
"mobsp","mobsp.github.io","main","blog/p/list/風月文學網  22.html","https://mobsp.github.io/tol/blog/p/list/風月文學網  22.html"
"mobsp","mobsp.github.io","main","blog/p/list/風月文學網  23.html","https://mobsp.github.io/tol/blog/p/list/風月文學網  23.html"
"mobsp","mobsp.github.io","main","blog/p/list/風月文學網  24.html","https://mobsp.github.io/tol/blog/p/list/風月文學網  24.html"
"mobsp","mobsp.github.io","main","blog/p/list/風月文學網  25.html","https://mobsp.github.io/tol/blog/p/list/風月文學網  25.html"
"mobsp","mobsp.github.io","main","blog/p/list/風月文學網  3.html","https://mobsp.github.io/tol/blog/p/list/風月文學網  3.html"
"mobsp","mobsp.github.io","main","blog/p/list/風月文學網  4.html","https://mobsp.github.io/tol/blog/p/list/風月文學網  4.html"
"mobsp","mobsp.github.io","main","blog/p/list/風月文學網  6.html","https://mobsp.github.io/tol/blog/p/list/風月文學網  6.html"
"mobsp","mobsp.github.io","main","blog/p/list/風月文學網  7.html","https://mobsp.github.io/tol/blog/p/list/風月文學網  7.html"
"mobsp","mobsp.github.io","main","blog/p/list/風月文學網  8.html","https://mobsp.github.io/tol/blog/p/list/風月文學網  8.html"
"mobsp","mobsp.github.io","main","blog/p/list/風月文學網  9.html","https://mobsp.github.io/tol/blog/p/list/風月文學網  9.html"
"mobsp","mobsp.github.io","main","blog/p/list/風月文學網 .html","https://mobsp.github.io/tol/blog/p/list/風月文學網 .html"
"mobsp","mobsp.github.io","main","blog/p/list/風月文學網3 2.html","https://mobsp.github.io/tol/blog/p/list/風月文學網3 2.html"
"mobsp","mobsp.github.io","main","blog/p/list/風月文學網3 3.html","https://mobsp.github.io/tol/blog/p/list/風月文學網3 3.html"
"mobsp","mobsp.github.io","main","blog/p/list/風月文學網3.html","https://mobsp.github.io/tol/blog/p/list/風月文學網3.html"
"mobsp","mobsp.github.io","main","browser/README.md","https://mobsp.github.io/tol/browser/README.md"
"mobsp","mobsp.github.io","main","browser/sf/data/core/api-client.js","https://mobsp.github.io/tol/browser/sf/data/core/api-client.js"
"mobsp","mobsp.github.io","main","browser/sf/data/core/app.js","https://mobsp.github.io/tol/browser/sf/data/core/app.js"
"mobsp","mobsp.github.io","main","browser/sf/data/core/history.js","https://mobsp.github.io/tol/browser/sf/data/core/history.js"
"mobsp","mobsp.github.io","main","browser/sf/data/core/security.js","https://mobsp.github.io/tol/browser/sf/data/core/security.js"
"mobsp","mobsp.github.io","main","browser/sf/data/core/settings.js","https://mobsp.github.io/tol/browser/sf/data/core/settings.js"
"mobsp","mobsp.github.io","main","browser/sf/data/core/sync.js","https://mobsp.github.io/tol/browser/sf/data/core/sync.js"
"mobsp","mobsp.github.io","main","browser/sf/data/core/utils.js","https://mobsp.github.io/tol/browser/sf/data/core/utils.js"
"mobsp","mobsp.github.io","main","browser/sf/data/items/bookmarks.json","https://mobsp.github.io/tol/browser/sf/data/items/bookmarks.json"
"mobsp","mobsp.github.io","main","browser/sf/data/items/sample-data.json","https://mobsp.github.io/tol/browser/sf/data/items/sample-data.json"
"mobsp","mobsp.github.io","main","browser/sf/data/main/config.json","https://mobsp.github.io/tol/browser/sf/data/main/config.json"
"mobsp","mobsp.github.io","main","browser/sf/data/main/init.js","https://mobsp.github.io/tol/browser/sf/data/main/init.js"
"mobsp","mobsp.github.io","main","browser/sf/data/sre/path-map.json","https://mobsp.github.io/tol/browser/sf/data/sre/path-map.json"
"mobsp","mobsp.github.io","main","browser/sf/data/theme/style.css","https://mobsp.github.io/tol/browser/sf/data/theme/style.css"
"mobsp","mobsp.github.io","main","browser/sf/data/theme/theme-engine.js","https://mobsp.github.io/tol/browser/sf/data/theme/theme-engine.js"
"mobsp","mobsp.github.io","main","browser/sf/data/theme/variables.css","https://mobsp.github.io/tol/browser/sf/data/theme/variables.css"
"mobsp","mobsp.github.io","main","browser/sf/data/ui-kit/bookmarks.js","https://mobsp.github.io/tol/browser/sf/data/ui-kit/bookmarks.js"
"mobsp","mobsp.github.io","main","browser/sf/data/ui-kit/devtools-ui.js","https://mobsp.github.io/tol/browser/sf/data/ui-kit/devtools-ui.js"
"mobsp","mobsp.github.io","main","browser/sf/data/ui-kit/downloads.js","https://mobsp.github.io/tol/browser/sf/data/ui-kit/downloads.js"
"mobsp","mobsp.github.io","main","browser/sf/data/ui-kit/footer-sys.js","https://mobsp.github.io/tol/browser/sf/data/ui-kit/footer-sys.js"
"mobsp","mobsp.github.io","main","browser/sf/data/ui-kit/header.js","https://mobsp.github.io/tol/browser/sf/data/ui-kit/header.js"
"mobsp","mobsp.github.io","main","browser/sf/data/ui-kit/plugins.js","https://mobsp.github.io/tol/browser/sf/data/ui-kit/plugins.js"
"mobsp","mobsp.github.io","main","browser/sf/data/ui-kit/tabs.js","https://mobsp.github.io/tol/browser/sf/data/ui-kit/tabs.js"
"mobsp","mobsp.github.io","main","browser/sf/data/ui-kit/ui.css","https://mobsp.github.io/tol/browser/sf/data/ui-kit/ui.css"
"mobsp","mobsp.github.io","main","browser/sf/index.html","https://mobsp.github.io/tol/browser/sf/index.html"
"mobsp","mobsp.github.io","main","data/config.json","https://mobsp.github.io/tol/data/config.json"
"mobsp","mobsp.github.io","main","data/editor_config.json","https://mobsp.github.io/tol/data/editor_config.json"
"mobsp","mobsp.github.io","main","data/notice.md","https://mobsp.github.io/tol/data/notice.md"
"mobsp","mobsp.github.io","main","data/style.css","https://mobsp.github.io/tol/data/style.css"
"mobsp","mobsp.github.io","main","data/svg.json","https://mobsp.github.io/tol/data/svg.json"
"mobsp","mobsp.github.io","main","data/wiki-info.json","https://mobsp.github.io/tol/data/wiki-info.json"
"mobsp","mobsp.github.io","main","file-list/README.md","https://mobsp.github.io/tol/file-list/README.md"
"mobsp","mobsp.github.io","main","file-list/all-links.html","https://mobsp.github.io/tol/file-list/all-links.html"
"mobsp","mobsp.github.io","main","file-list/assets/css/base.css","https://mobsp.github.io/tol/file-list/assets/css/base.css"
"mobsp","mobsp.github.io","main","file-list/assets/css/theme-mobsp-blog.css","https://mobsp.github.io/tol/file-list/assets/css/theme-mobsp-blog.css"
"mobsp","mobsp.github.io","main","file-list/assets/js/all-links.js","https://mobsp.github.io/tol/file-list/assets/js/all-links.js"
"mobsp","mobsp.github.io","main","file-list/assets/js/app.js","https://mobsp.github.io/tol/file-list/assets/js/app.js"
"mobsp","mobsp.github.io","main","file-list/assets/js/detail.js","https://mobsp.github.io/tol/file-list/assets/js/detail.js"
"mobsp","mobsp.github.io","main","file-list/assets/js/index.js","https://mobsp.github.io/tol/file-list/assets/js/index.js"
"mobsp","mobsp.github.io","main","file-list/assets/js/saved.js","https://mobsp.github.io/tol/file-list/assets/js/saved.js"
"mobsp","mobsp.github.io","main","file-list/assets/js/settings.js","https://mobsp.github.io/tol/file-list/assets/js/settings.js"
"mobsp","mobsp.github.io","main","file-list/data/files.json","https://mobsp.github.io/tol/file-list/data/files.json"
"mobsp","mobsp.github.io","main","file-list/detail.html","https://mobsp.github.io/tol/file-list/detail.html"
"mobsp","mobsp.github.io","main","file-list/index.html","https://mobsp.github.io/tol/file-list/index.html"
"mobsp","mobsp.github.io","main","file-list/manifest.json","https://mobsp.github.io/tol/file-list/manifest.json"
"mobsp","mobsp.github.io","main","file-list/offline.html","https://mobsp.github.io/tol/file-list/offline.html"
"mobsp","mobsp.github.io","main","file-list/saved.html","https://mobsp.github.io/tol/file-list/saved.html"
"mobsp","mobsp.github.io","main","file-list/scripts/generate_files_json.py","https://mobsp.github.io/tol/file-list/scripts/generate_files_json.py"
"mobsp","mobsp.github.io","main","file-list/scripts/sync_from_repo.py","https://mobsp.github.io/tol/file-list/scripts/sync_from_repo.py"
"mobsp","mobsp.github.io","main","file-list/settings.html","https://mobsp.github.io/tol/file-list/settings.html"
"mobsp","mobsp.github.io","main","file-list/sw.js","https://mobsp.github.io/tol/file-list/sw.js"
"mobsp","mobsp.github.io","main","generate-index.js","https://mobsp.github.io/tol/generate-index.js"
"mobsp","mobsp.github.io","main","index.html","https://mobsp.github.io/tol/index.html"
"mobsp","mobsp.github.io","main","manifest.json","https://mobsp.github.io/tol/manifest.json"
"mobsp","mobsp.github.io","main","music/README.md","https://mobsp.github.io/tol/music/README.md"
"mobsp","mobsp.github.io","main","music/css/README.md","https://mobsp.github.io/tol/music/css/README.md"
"mobsp","mobsp.github.io","main","music/css/global.css","https://mobsp.github.io/tol/music/css/global.css"
"mobsp","mobsp.github.io","main","music/data/README.md","https://mobsp.github.io/tol/music/data/README.md"
"mobsp","mobsp.github.io","main","music/data/music.json","https://mobsp.github.io/tol/music/data/music.json"
"mobsp","mobsp.github.io","main","music/index.html","https://mobsp.github.io/tol/music/index.html"
"mobsp","mobsp.github.io","main","music/js/README.md","https://mobsp.github.io/tol/music/js/README.md"
"mobsp","mobsp.github.io","main","music/js/app.js","https://mobsp.github.io/tol/music/js/app.js"
"mobsp","mobsp.github.io","main","music/js/player.js","https://mobsp.github.io/tol/music/js/player.js"
"mobsp","mobsp.github.io","main","music/js/state.js","https://mobsp.github.io/tol/music/js/state.js"
"mobsp","mobsp.github.io","main","music/js/ui.js","https://mobsp.github.io/tol/music/js/ui.js"
"mobsp","mobsp.github.io","main","music/sw.js","https://mobsp.github.io/tol/music/sw.js"
"mobsp","mobsp.github.io","main","offline.html","https://mobsp.github.io/tol/offline.html"
"mobsp","mobsp.github.io","main","package-lock.json","https://mobsp.github.io/tol/package-lock.json"
"mobsp","mobsp.github.io","main","package.json","https://mobsp.github.io/tol/package.json"
"mobsp","mobsp.github.io","main","robots.txt","https://mobsp.github.io/tol/robots.txt"
"mobsp","mobsp.github.io","main","scripts/auto_classify.py","https://mobsp.github.io/tol/scripts/auto_classify.py"
"mobsp","mobsp.github.io","main","scripts/master-optimizer-final.js","https://mobsp.github.io/tol/scripts/master-optimizer-final.js"
"mobsp","mobsp.github.io","main","scripts/parse_csv.py","https://mobsp.github.io/tol/scripts/parse_csv.py"
"mobsp","mobsp.github.io","main","setting/index.html","https://mobsp.github.io/tol/setting/index.html"
"mobsp","mobsp.github.io","main","shorts/index.html","https://mobsp.github.io/tol/shorts/index.html"
"mobsp","mobsp.github.io","main","sitemap.xml","https://mobsp.github.io/tol/sitemap.xml"
"mobsp","mobsp.github.io","main","svg-editor/index.html","https://mobsp.github.io/tol/svg-editor/index.html"
"mobsp","mobsp.github.io","main","sw.js","https://mobsp.github.io/tol/sw.js"
"mobsp","mobsp.github.io","main","sync_scanner.py","https://mobsp.github.io/tol/sync_scanner.py"
"mobsp","mobsp.github.io","main","tol/Editor/index.html","https://mobsp.github.io/tol/tol/Editor/index.html"
"mobsp","mobsp.github.io","main","tol/MobspOS/index.html","https://mobsp.github.io/tol/tol/MobspOS/index.html"
"mobsp","mobsp.github.io","main","tol/README.md","https://mobsp.github.io/tol/tol/README.md"
"mobsp","mobsp.github.io","main","tol/convert/index.html","https://mobsp.github.io/tol/tol/convert/index.html"
"mobsp","mobsp.github.io","main","tol/data.json","https://mobsp.github.io/tol/tol/data.json"
"mobsp","mobsp.github.io","main","tol/editot/index.html","https://mobsp.github.io/tol/tol/editot/index.html"
"mobsp","mobsp.github.io","main","tol/gh-idx/index.html","https://mobsp.github.io/tol/tol/gh-idx/index.html"
"mobsp","mobsp.github.io","main","tol/ghexort/index.html","https://mobsp.github.io/tol/tol/ghexort/index.html"
"mobsp","mobsp.github.io","main","tol/ghexort/script.js","https://mobsp.github.io/tol/tol/ghexort/script.js"
"mobsp","mobsp.github.io","main","tol/ghexort/style.css","https://mobsp.github.io/tol/tol/ghexort/style.css"
"mobsp","mobsp.github.io","main","tol/index.html","https://mobsp.github.io/tol/tol/index.html"
"mobsp","mobsp.github.io","main","tol/k-zero/index.html","https://mobsp.github.io/tol/tol/k-zero/index.html"
"mobsp","mobsp.github.io","main","tol/keep/index.html","https://mobsp.github.io/tol/tol/keep/index.html"
"mobsp","mobsp.github.io","main","tol/lab/index.html","https://mobsp.github.io/tol/tol/lab/index.html"
"mobsp","mobsp.github.io","main","tol/publisher/index.html","https://mobsp.github.io/tol/tol/publisher/index.html"
"mobsp","mobsp.github.io","main","tol/rss-generator.html","https://mobsp.github.io/tol/tol/rss-generator.html"
"mobsp","mobsp.github.io","main","tol/tourl/index.html","https://mobsp.github.io/tol/tol/tourl/index.html"
"mobsp","mobsp.github.io","main","tol/ve/index.html","https://mobsp.github.io/tol/tol/ve/index.html"
"mobsp","mobsp.github.io","main","tol/x-harv/index.html","https://mobsp.github.io/tol/tol/x-harv/index.html"
"mobsp","mobsp.github.io","main","update_icons.js","https://mobsp.github.io/tol/update_icons.js"
"mobsp","mobsp.github.io","main","wiki/index.html","https://mobsp.github.io/tol/wiki/index.html"